<?xml version="1.0" encoding="UTF-8"?>
<beans xmlns="http://www.springframework.org/schema/beans"
       xmlns:xsi="http://www.w3.org/2001/XMLSchema-instance"
       xmlns:p="http://www.springframework.org/schema/p"
       xmlns:context="http://www.springframework.org/schema/context"
       xmlns:tx="http://www.springframework.org/schema/tx"
       xsi:schemaLocation="http://www.springframework.org/schema/beans 
                           http://www.springframework.org/schema/beans/spring-beans.xsd
                           http://www.springframework.org/schema/context 
                           http://www.springframework.org/schema/context/spring-context.xsd
                           http://www.springframework.org/schema/tx
                           http://www.springframework.org/schema/tx/spring-tx.xsd">

    <context:component-scan base-package="service" />
    
    <tx:annotation-driven />

    <bean id="transactionManager" 
          class="org.springframework.orm.jpa.JpaTransactionManager"
          p:entityManagerFactory-ref="entityManagerFactory" />
    
    <bean id="dataSource"
          class="org.springbyexample.jdbc.datasource.HsqldbInitializingDriverManagerDataSource">
        <property name="sqlScriptProcessor">
            <bean class="org.springbyexample.jdbc.core.SqlScriptProcessor"
                  p:charset="UTF-8">
                <property name="sqlScripts">
                    <list>
                        <value>classpath:/schema.sql</value>
                        <value>classpath:/security_schema.sql</value>
                    </list>
                </property>
            </bean>
        </property>
    </bean>
		
    <bean id="entityManagerFactory" 
          class="org.springframework.orm.jpa.LocalContainerEntityManagerFactoryBean"
    	  p:dataSource-ref="dataSource">
        <property name="jpaVendorAdapter">
            <bean class="org.springframework.orm.jpa.vendor.HibernateJpaVendorAdapter" />
        </property>
    </bean>
    
</beans>
