<?xml version="1.0" encoding="UTF-8" ?>
<!DOCTYPE struts PUBLIC
    "-//Apache Software Foundation//DTD Struts Configuration 2.0//EN"
    "http://struts.apache.org/dtds/struts-2.0.dtd">
<struts>
    <constant name="struts.objectFactory" value="spring" />
    <constant name="struts.devMode" value="true" />

    <package name="person" extends="struts-default">

        <action name="list2" method="execute" class="action.PersonAction">
            <result>jsp/list.jsp</result>
            <result name="sucess">jsp/list.jsp</result>
        </action>


        <action name="save" class="action.PersonAction" method="save">
            <result>jsp/list.jsp</result>
            <result name="input">jsp/list.jsp</result>
        </action>
        
        <action name="list3" 
			class="action.PersonAction" >
			<result name="success">jsp/list.jsp</result>
		</action>
		
		<action name="list" 
			class="action.PersonAction" >
			<result name="success">jsp/iterator.jsp</result>
		</action>
        
     
    </package>

</struts>
